hour,reserve_req_MW
1,129.675
2,123.69
3,119.7
4,115.71
5,119.7
6,135.66
7,155.61
8,175.56
9,187.53
10,193.515
11,191.52
12,189.525
13,185.535
14,183.54
15,187.53
16,195.51
17,203.49
18,215.46
19,219.45
20,211.47
21,195.51
22,175.56
23,155.61
24,139.65
