hour,load_scale
1,0.65
2,0.62
3,0.6
4,0.58
5,0.6
6,0.68
7,0.78
8,0.88
9,0.94
10,0.97
11,0.96
12,0.95
13,0.93
14,0.92
15,0.94
16,0.98
17,1.02
18,1.08
19,1.1
20,1.06
21,0.98
22,0.88
23,0.78
24,0.7
